Personnel,Label_ID,Plant_sample_ID,Culture_Label_ID,Culture_colony_ID,Date,Protocol_used,Notes
EmmaG,EUSF0001,,ZUSF00641,,2017-06-16,Tissue Extract-N-Amp,
EmmaG,EUSF0002,,ZUSF00296,,2017-06-16,Tissue Extract-N-Amp,
EmmaG,EUSF0003,,ZUSF00609,,2017-06-16,Tissue Extract-N-Amp,
EmmaG,EUSF0004,,ZUSF00438,,2017-06-16,Tissue Extract-N-Amp,
EmmaG,EUSF0005,,ZUSF00648,,2017-06-16,Tissue Extract-N-Amp,
EmmaG,EUSF0006,,ZUSF00649,,2017-06-16,Tissue Extract-N-Amp,
EmmaG,EUSF0007,,ZUSF00549,,2017-06-27,Tissue Extract-N-Amp,
EmmaG,EUSF0008,,ZUSF00310,,2017-06-27,Tissue Extract-N-Amp,
EmmaG,EUSF0009,,ZUSF00474,,2017-06-27,Tissue Extract-N-Amp,
EmmaG,EUSF0010,,ZUSF00308,,2017-06-27,Tissue Extract-N-Amp,
EmmaG,EUSF0011,,ZUSF00484,,2017-06-27,Tissue Extract-N-Amp,
EmmaG,EUSF0012,,ZUSF00495,,2017-06-27,Tissue Extract-N-Amp,
EmmaG,EUSF0013,,ZUSF00187,,2017-06-27,Tissue Extract-N-Amp,
EmmaG,EUSF0014,,ZUSF00264,,2017-06-27,Tissue Extract-N-Amp,
EmmaG,EUSF0015,,ZUSF00341,,2017-06-27,Tissue Extract-N-Amp,
EmmaG,EUSF0016,,ZUSF00199,,2017-06-27,Tissue Extract-N-Amp,
EmmaG,EUSF0017,,ZUSF00232,,2017-06-27,Tissue Extract-N-Amp,
EmmaG,EUSF0018,,ZUSF00215,,2017-06-27,Tissue Extract-N-Amp,
EmmaG,EUSF0019,,ZUSF00486,,2017-06-27,Tissue Extract-N-Amp,
EmmaG,EUSF0020,,ZUSF00355,,2017-06-27,Tissue Extract-N-Amp,
EmmaG,EUSF0021,,ZUSF00462,,2017-06-27,Tissue Extract-N-Amp,
EmmaG,EUSF0022,,ZUSF00548,,2017-06-27,Tissue Extract-N-Amp,
EmmaG,EUSF0023,,ZUSF00636,,2017-06-27,Tissue Extract-N-Amp,
EmmaG,EUSF0024,,ZUSF00607,,2017-06-27,Tissue Extract-N-Amp,
EmmaG,EUSF0025,,ZUSF00454,,2017-06-27,Tissue Extract-N-Amp,
EmmaG,EUSF0026,,ZUSF00480,,2017-06-27,Tissue Extract-N-Amp,
EmmaG,EUSF0027,,ZUSF00529,,2017-07-13,Tissue Extract-N-Amp,
EmmaG,EUSF0028,,ZUSF00176,,2017-07-13,Tissue Extract-N-Amp,
EmmaG,EUSF0029,,ZUSF00354,,2017-07-13,Tissue Extract-N-Amp,
EmmaG,EUSF0030,,ZUSF00415,,2017-07-13,Tissue Extract-N-Amp,
EmmaG,EUSF0031,,ZUSF00455,,2017-07-13,Tissue Extract-N-Amp,
EmmaG,EUSF0032,,ZUSF00583,,2017-07-13,Tissue Extract-N-Amp,
EmmaG,EUSF0033,,ZUSF00572,,2017-07-13,Tissue Extract-N-Amp,
EmmaG,EUSF0034,,ZUSF00492,,2017-07-13,Tissue Extract-N-Amp,
EmmaG,EUSF0035,,ZUSF00543,,2017-07-13,Tissue Extract-N-Amp,
EmmaG,EUSF0036,,ZUSF00518,,2017-07-13,Tissue Extract-N-Amp,
EmmaG,EUSF0037,,ZUSF00494,,2017-07-13,Tissue Extract-N-Amp,
EmmaG,EUSF0038,,ZUSF00571,,2017-07-13,Tissue Extract-N-Amp,
EmmaG,EUSF0039,,ZUSF00188,,2017-07-13,Tissue Extract-N-Amp,
EmmaG,EUSF0040,,ZUSF00343,,2017-07-13,Tissue Extract-N-Amp,
EmmaG,EUSF0041,,ZUSF00164,,2017-07-13,Tissue Extract-N-Amp,
EmmaG,EUSF0042,,ZUSF00497,,2017-07-13,Tissue Extract-N-Amp,
EmmaG,EUSF0043,,ZUSF00229,,2017-07-13,Tissue Extract-N-Amp,
EmmaG,EUSF0044,,ZUSF00197,,2017-07-16,Tissue Extract-N-Amp,
EmmaG,EUSF0045,,ZUSF00514,,2017-07-16,Tissue Extract-N-Amp,
EmmaG,EUSF0046,,ZUSF00513,,2017-07-16,Tissue Extract-N-Amp,
EmmaG,EUSF0047,,ZUSF00209,,2017-07-17,Tissue Extract-N-Amp,"opened in the bead-beater (7/16), redid (7/17)"
EmmaG,EUSF0048,,ZUSF00424,,2017-07-16,Tissue Extract-N-Amp,
EmmaG,EUSF0049,,ZUSF00158,,2017-07-16,Tissue Extract-N-Amp,
EmmaG,EUSF0050,,ZUSF00324,,2017-07-16,Tissue Extract-N-Amp,
EmmaG,EUSF0051,,ZUSF00498,,2017-07-16,Tissue Extract-N-Amp,
EmmaG,EUSF0052,,ZUSF00522,,2017-07-16,Tissue Extract-N-Amp,
EmmaG,EUSF0053,,ZUSF00340,,2017-07-16,Tissue Extract-N-Amp,
EmmaG,EUSF0054,,ZUSF00279,,2017-07-16,Tissue Extract-N-Amp,
EmmaG,EUSF0055,,ZUSF00340,,2017-07-16,Tissue Extract-N-Amp,
EmmaG,EUSF0056,,ZUSF00593,,2017-07-16,Tissue Extract-N-Amp,
EmmaG,EUSF0057,,ZUSF00631,,2017-07-16,Tissue Extract-N-Amp,
EmmaG,EUSF0058,,ZUSF00429,,2017-07-16,Tissue Extract-N-Amp,
EmmaG,EUSF0059,,ZUSF00326,,2017-07-16,Tissue Extract-N-Amp,
EmmaG,EUSF0060,,ZUSF00312,,2017-07-16,Tissue Extract-N-Amp,
EmmaG,EUSF0061,,ZUSF00532,,2017-07-16,Tissue Extract-N-Amp,
EmmaG,EUSF0062,,ZUSF00587,,2017-07-16,Tissue Extract-N-Amp,
EmmaG,EUSF0063,,ZUSF00345,,2017-07-16,Tissue Extract-N-Amp,
EmmaG,EUSF0064,,ZUSF00195,,2017-07-17,Tissue Extract-N-Amp,
EmmaG,EUSF0065,,ZUSF00271,,2017-07-17,Tissue Extract-N-Amp,
EmmaG,EUSF0066,,ZUSF00294,,2017-07-17,Tissue Extract-N-Amp,
EmmaG,EUSF0067,,ZUSF00287,,2017-07-17,Tissue Extract-N-Amp,
EmmaG,EUSF0068,,ZUSF00368,,2017-07-17,Tissue Extract-N-Amp,
EmmaG,EUSF0069,,ZUSF00370,,2017-07-17,Tissue Extract-N-Amp,
EmmaG,EUSF0070,,ZUSF00275,,2017-07-17,Tissue Extract-N-Amp,
EmmaG,EUSF0071,,ZUSF00304,,2017-07-17,Tissue Extract-N-Amp,
EmmaG,EUSF0072,,ZUSF00272,,2017-07-17,Tissue Extract-N-Amp,
EmmaG,EUSF0073,,ZUSF00254,,2017-07-17,Tissue Extract-N-Amp,
EmmaG,EUSF0074,,ZUSF00227,,2017-07-17,Tissue Extract-N-Amp,
EmmaG,EUSF0075,,ZUSF00510,,2017-07-17,Tissue Extract-N-Amp,
EmmaG,EUSF0076,,ZUSF00299,,2017-07-17,Tissue Extract-N-Amp,
EmmaG,EUSF0077,,ZUSF00248,,2017-07-17,Tissue Extract-N-Amp,
EmmaG,EUSF0078,,ZUSF00378,,2017-07-17,Tissue Extract-N-Amp,
EmmaG,EUSF0079,,ZUSF00245,,2017-07-17,Tissue Extract-N-Amp,
EmmaG,EUSF0080,,ZUSF00382,,2017-07-17,Tissue Extract-N-Amp,
EmmaG,EUSF0081,,ZUSF00338,,2017-07-17,Tissue Extract-N-Amp,
EmmaG,EUSF0082,,ZUSF00249,,2017-07-17,Tissue Extract-N-Amp,
EmmaG,EUSF0083,,ZUSF00170,,2017-07-17,Tissue Extract-N-Amp,
EmmaG,EUSF0084,,ZUSF00265,,2017-07-17,Tissue Extract-N-Amp,
EmmaG,EUSF0085,,ZUSF00557,,2017-07-17,Tissue Extract-N-Amp,
EmmaG,EUSF0086,,ZUSF00244,,2017-07-17,Tissue Extract-N-Amp,
EmmaG,EUSF0087,,ZUSF00268,,2017-07-17,Tissue Extract-N-Amp,
EmmaG,EUSF0088,,ZUSF00186,,2017-07-17,Tissue Extract-N-Amp,
EmmaG,EUSF0089,,ZUSF00267,,2017-07-17,Tissue Extract-N-Amp,
EmmaG,EUSF0090,,ZUSF00193,,2017-07-17,Tissue Extract-N-Amp,
EmmaG,EUSF0091,,ZUSF00293,,2017-07-17,Tissue Extract-N-Amp,
EmmaG,EUSF0092,,ZUSF00393,,2017-07-17,Tissue Extract-N-Amp,
EmmaG,EUSF0093,,ZUSF00237,,2017-07-17,Tissue Extract-N-Amp,
EmmaG,EUSF0094,,ZUSF00295,,2017-07-17,Tissue Extract-N-Amp,
EmmaG,EUSF0095,,ZUSF00240,,2017-07-17,Tissue Extract-N-Amp,
EmmaG,EUSF0096,,ZUSF00204,,2017-07-17,Tissue Extract-N-Amp,
EmmaG,EUSF0097,,ZUSF00201,,2017-07-17,Tissue Extract-N-Amp,
EmmaG,EUSF0098,,ZUSF00213,,2017-07-17,Tissue Extract-N-Amp,
EmmaG,EUSF0099,,ZUSF00241,,2017-07-17,Tissue Extract-N-Amp,
EmmaG,EUSF0100,,ZUSF00174,,2017-07-17,Tissue Extract-N-Amp,
EmmaG,EUSF0101,,ZUSF00230,,2017-07-17,Tissue Extract-N-Amp,
EmmaG,EUSF0102,,ZUSF00350,,2017-07-17,Tissue Extract-N-Amp,
EmmaG,EUSF0103,,ZUSF00243,,2017-07-18,Tissue Extract-N-Amp,
EmmaG,EUSF0104,,ZUSF00360,,2017-07-18,Tissue Extract-N-Amp,
EmmaG,EUSF0105,,ZUSF00363,,2017-07-18,Tissue Extract-N-Amp,
EmmaG,EUSF0106,,ZUSF00247,,2017-07-18,Tissue Extract-N-Amp,
EmmaG,EUSF0107,,ZUSF00239,,2017-07-18,Tissue Extract-N-Amp,
EmmaG,EUSF0108,,ZUSF00410,,2017-07-18,Tissue Extract-N-Amp,
EmmaG,EUSF0109,,ZUSF00386,,2017-07-18,Tissue Extract-N-Amp,
EmmaG,EUSF0110,,ZUSF00263,,2017-07-18,Tissue Extract-N-Amp,
EmmaG,EUSF0111,,ZUSF00367,,2017-07-18,Tissue Extract-N-Amp,
EmmaG,EUSF0112,,ZUSF00228,,2017-07-18,Tissue Extract-N-Amp,
EmmaG,EUSF0113,,ZUSF00297,,2017-07-18,Tissue Extract-N-Amp,
EmmaG,EUSF0114,,ZUSF00427,,2017-07-18,Tissue Extract-N-Amp,
EmmaG,EUSF0115,,ZUSF00387,,2017-07-18,Tissue Extract-N-Amp,
EmmaG,EUSF0116,,ZUSF00270,,2017-07-18,Tissue Extract-N-Amp,
EmmaG,EUSF0117,,ZUSF00216,,2017-07-18,Tissue Extract-N-Amp,
EmmaG,EUSF0118,,ZUSF00383,,2017-07-18,Tissue Extract-N-Amp,
EmmaG,EUSF0119,,ZUSF00169,,2017-07-18,Tissue Extract-N-Amp,
EmmaG,EUSF0120,,ZUSF00398,,2017-07-18,Tissue Extract-N-Amp,
EmmaG,EUSF0121,,ZUSF00192,,2017-07-18,Tissue Extract-N-Amp,
EmmaG,EUSF0122,,ZUSF00292,,2017-07-18,Tissue Extract-N-Amp,
EmmaG,EUSF0123,,ZUSF00291,,2017-07-18,Tissue Extract-N-Amp,
EmmaG,EUSF0124,,ZUSF00376,,2017-07-18,Tissue Extract-N-Amp,
EmmaG,EUSF0125,,ZUSF00211,,2017-07-18,Tissue Extract-N-Amp,
EmmaG,EUSF0126,,ZUSF00258,,2017-07-18,Tissue Extract-N-Amp,
EmmaG,EUSF0127,,ZUSF00260,,2017-07-18,Tissue Extract-N-Amp,
EmmaG,EUSF0128,,ZUSF00273,,2017-07-18,Tissue Extract-N-Amp,
EmmaG,EUSF0129,,ZUSF00302,,2017-07-18,Tissue Extract-N-Amp,
EmmaG,EUSF0130,,ZUSF00178,,2017-07-18,Tissue Extract-N-Amp,
EmmaG,EUSF0131,,ZUSF00206,,2017-07-18,Tissue Extract-N-Amp,
EmmaG,EUSF0132,,ZUSF00185,,2017-07-18,Tissue Extract-N-Amp,
EmmaG,EUSF0133,,ZUSF00250,,2017-07-18,Tissue Extract-N-Amp,
EmmaG,EUSF0134,,ZUSF00637,,2017-07-18,Tissue Extract-N-Amp,
EmmaG,EUSF0135,,ZUSF00224,,2017-07-18,Tissue Extract-N-Amp,
EmmaG,EUSF0136,,ZUSF00278,,2017-07-18,Tissue Extract-N-Amp,
EmmaG,EUSF0137,,ZUSF00380,,2017-07-18,Tissue Extract-N-Amp,
EmmaG,EUSF0138,,ZUSF00428,,2017-07-18,Tissue Extract-N-Amp,
EmmaG,EUSF0139,,ZUSF00172,,2017-07-18,Tissue Extract-N-Amp,
EmmaG,EUSF0140,,ZUSF00274,,2017-07-18,Tissue Extract-N-Amp,
EmmaG,EUSF0141,,ZUSF00160,,2017-07-18,Tissue Extract-N-Amp,
EmmaG,EUSF0142,,ZUSF00617,,2017-07-18,Tissue Extract-N-Amp,
EmmaG,EUSF0143,,ZUSF00280,,2017-07-19,Tissue Extract-N-Amp,
EmmaG,EUSF0144,,ZUSF00488,,2017-07-19,Tissue Extract-N-Amp,
EmmaG,EUSF0145,,ZUSF00618,,2017-07-19,Tissue Extract-N-Amp,
EmmaG,EUSF0146,,ZUSF00625,,2017-07-19,Tissue Extract-N-Amp,
EmmaG,EUSF0147,,ZUSF00331,,2017-07-19,Tissue Extract-N-Amp,
EmmaG,EUSF0148,,ZUSF00622,,2017-07-19,Tissue Extract-N-Amp,
EmmaG,EUSF0149,,ZUSF00442,,2017-07-19,Tissue Extract-N-Amp,
EmmaG,EUSF0150,,ZUSF00612,,2017-07-19,Tissue Extract-N-Amp,
EmmaG,EUSF0151,,ZUSF00256,,2017-07-19,Tissue Extract-N-Amp,
EmmaG,EUSF0152,,ZUSF00372,,2017-07-19,Tissue Extract-N-Amp,
EmmaG,EUSF0153,,ZUSF00359,,2017-07-19,Tissue Extract-N-Amp,
EmmaG,EUSF0154,,ZUSF00600,,2017-07-19,Tissue Extract-N-Amp,
EmmaG,EUSF0155,,ZUSF00460,,2017-07-19,Tissue Extract-N-Amp,
EmmaG,EUSF0156,,ZUSF00606,,2017-07-19,Tissue Extract-N-Amp,
EmmaG,EUSF0157,,ZUSF00493,,2017-07-19,Tissue Extract-N-Amp,
EmmaG,EUSF0158,,ZUSF00338,,2017-07-19,Tissue Extract-N-Amp,
EmmaG,EUSF0159,,ZUSF00573,,2017-07-19,Tissue Extract-N-Amp,
EmmaG,EUSF0160,,ZUSF00456,,2017-07-19,Tissue Extract-N-Amp,
EmmaG,EUSF0161,,ZUSF00253,,2017-07-19,Tissue Extract-N-Amp,
EmmaG,EUSF0162,,ZUSF00261,,2017-07-19,Tissue Extract-N-Amp,
EmmaG,EUSF0163,,ZUSF00613,,2017-07-19,Tissue Extract-N-Amp,
EmmaG,EUSF0164,,ZUSF00594,,2017-07-19,Tissue Extract-N-Amp,
EmmaG,EUSF0165,,ZUSF00306,,2017-07-19,Tissue Extract-N-Amp,
EmmaG,EUSF0166,,ZUSF00530,,2017-07-19,Tissue Extract-N-Amp,
EmmaG,EUSF0167,,ZUSF00541,,2017-07-19,Tissue Extract-N-Amp,
EmmaG,EUSF0168,,ZUSF00610,,2017-07-19,Tissue Extract-N-Amp,
EmmaG,EUSF0169,,ZUSF00311,,2017-07-19,Tissue Extract-N-Amp,
EmmaG,EUSF0170,,ZUSF00385,,2017-07-19,Tissue Extract-N-Amp,
EmmaG,EUSF0171,,ZUSF00605,,2017-07-19,Tissue Extract-N-Amp,
EmmaG,EUSF0172,,ZUSF00562,,2017-07-19,Tissue Extract-N-Amp,
EmmaG,EUSF0173,,ZUSF00300,,2017-07-19,Tissue Extract-N-Amp,
EmmaG,EUSF0174,,ZUSF00309,,2017-07-19,Tissue Extract-N-Amp,
EmmaG,EUSF0175,,ZUSF00162,,2017-07-19,Tissue Extract-N-Amp,
EmmaG,EUSF0176,,ZUSF00644,,2017-07-19,Tissue Extract-N-Amp,
EmmaG,EUSF0177,,ZUSF00390,,2017-07-19,Tissue Extract-N-Amp,
EmmaG,EUSF0178,,ZUSF00373,,2017-07-19,Tissue Extract-N-Amp,
EmmaG,EUSF0179,,ZUSF00409,,2017-07-19,Tissue Extract-N-Amp,
EmmaG,EUSF0180,,ZUSF00321,,2017-07-19,Tissue Extract-N-Amp,
EmmaG,EUSF0181,,ZUSF00453,,2017-07-19,Tissue Extract-N-Amp,
EmmaG,EUSF0182,,ZUSF00604,,2017-07-19,Tissue Extract-N-Amp,
EmmaG,EUSF0183,,ZUSF00643,,2017-07-20,Tissue Extract-N-Amp,
EmmaG,EUSF0184,,ZUSF00640,,2017-07-20,Tissue Extract-N-Amp,
EmmaG,EUSF0185,,ZUSF00461,,2017-07-20,Tissue Extract-N-Amp,
EmmaG,EUSF0186,,ZUSF00703,,2017-07-20,Tissue Extract-N-Amp,
EmmaG,EUSF0187,,ZUSF00704,,2017-07-20,Tissue Extract-N-Amp,
EmmaG,EUSF0188,,ZUSF00688,,2017-07-20,Tissue Extract-N-Amp,
EmmaG,EUSF0189,,ZUSF00614,,2017-07-20,Tissue Extract-N-Amp,
EmmaG,EUSF0190,,ZUSF00551,,2017-07-20,Tissue Extract-N-Amp,
EmmaG,EUSF0191,,ZUSF00336,,2017-07-20,Tissue Extract-N-Amp,
EmmaG,EUSF0192,,ZUSF00689,,2017-07-20,Tissue Extract-N-Amp,
EmmaG,EUSF0193,,ZUSF00691,,2017-07-20,Tissue Extract-N-Amp,
EmmaG,EUSF0194,,ZUSF00702,,2017-07-20,Tissue Extract-N-Amp,
EmmaG,EUSF0195,,ZUSF00441,,2017-07-20,Tissue Extract-N-Amp,
EmmaG,EUSF0196,,ZUSF00366,,2017-07-20,Tissue Extract-N-Amp,
EmmaG,EUSF0197,,ZUSF00533,,2017-07-20,Tissue Extract-N-Amp,
EmmaG,EUSF0198,,ZUSF00676,,2017-07-20,Tissue Extract-N-Amp,
EmmaG,EUSF0199,,ZUSF00657,,2017-07-20,Tissue Extract-N-Amp,
EmmaG,EUSF0200,,ZUSF00653,,2017-07-20,Tissue Extract-N-Amp,
EmmaG,EUSF0201,,ZUSF00630,,2017-07-20,Tissue Extract-N-Amp,
EmmaG,EUSF0202,,ZUSF00670,,2017-07-20,Tissue Extract-N-Amp,
EmmaG,EUSF0203,,ZUSF00665,,2017-07-20,Tissue Extract-N-Amp,
EmmaG,EUSF0204,,ZUSF00705,,2017-07-20,Tissue Extract-N-Amp,
EmmaG,EUSF0205,,ZUSF00664,,2017-07-20,Tissue Extract-N-Amp,
EmmaG,EUSF0206,,ZUSF00674,,2017-07-20,Tissue Extract-N-Amp,
EmmaG,EUSF0207,,ZUSF00669,,2017-07-20,Tissue Extract-N-Amp,
EmmaG,EUSF0208,,ZUSF00698,,2017-07-20,Tissue Extract-N-Amp,
EmmaG,EUSF0209,,ZUSF00699,,2017-07-20,Tissue Extract-N-Amp,
EmmaG,EUSF0210,,ZUSF00654,,2017-07-20,Tissue Extract-N-Amp,
EmmaG,EUSF0211,,ZUSF00671,,2017-07-20,Tissue Extract-N-Amp,
EmmaG,EUSF0212,,ZUSF00686,,2017-07-20,Tissue Extract-N-Amp,
EmmaG,EUSF0213,,ZUSF00685,,2017-07-20,Tissue Extract-N-Amp,
EmmaG,EUSF0214,,ZUSF00684,,2017-07-20,Tissue Extract-N-Amp,
EmmaG,EUSF0215,,ZUSF00663,,2017-07-20,Tissue Extract-N-Amp,
EmmaG,EUSF0216,,ZUSF00652,,2017-07-20,Tissue Extract-N-Amp,
EmmaG,EUSF0217,,ZUSF00701,,2017-07-20,Tissue Extract-N-Amp,
EmmaG,EUSF0218,,ZUSF00658,,2017-07-20,Tissue Extract-N-Amp,
EmmaG,EUSF0219,,ZUSF00673,,2017-07-20,Tissue Extract-N-Amp,
EmmaG,EUSF0220,,ZUSF00697,,2017-07-20,Tissue Extract-N-Amp,
EmmaG,EUSF0221,,ZUSF00696,,2017-07-20,Tissue Extract-N-Amp,
EmmaG,EUSF0222,,ZUSF00693,,2017-07-20,Tissue Extract-N-Amp,
EmmaG,EUSF0223,,ZUSF00581,,2017-07-21,Tissue Extract-N-Amp,
EmmaG,EUSF0224,,ZUSF00576,,2017-07-21,Tissue Extract-N-Amp,
EmmaG,EUSF0225,,ZUSF00581,,2017-07-21,Tissue Extract-N-Amp,
EmmaG,EUSF0226,,ZUSF00356,,2017-07-21,Tissue Extract-N-Amp,
EmmaG,EUSF0227,,ZUSF00577,,2017-07-21,Tissue Extract-N-Amp,
EmmaG,EUSF0228,,ZUSF00319,,2017-07-21,Tissue Extract-N-Amp,
EmmaG,EUSF0229,,ZUSF00180,,2017-07-21,Tissue Extract-N-Amp,
EmmaG,EUSF0230,,ZUSF00234,,2017-07-21,Tissue Extract-N-Amp,
EmmaG,EUSF0231,,ZUSF00414,,2017-07-21,Tissue Extract-N-Amp,
EmmaG,EUSF0232,,ZUSF00391,,2017-07-21,Tissue Extract-N-Amp,
EmmaG,EUSF0233,,ZUSF00289,,2017-07-21,Tissue Extract-N-Amp,
EmmaG,EUSF0234,,ZUSF00556,,2017-07-21,Tissue Extract-N-Amp,
EmmaG,EUSF0235,,ZUSF00266,,2017-07-21,Tissue Extract-N-Amp,
EmmaG,EUSF0236,,ZUSF00567,,2017-07-21,Tissue Extract-N-Amp,
EmmaG,EUSF0237,,ZUSF00165,,2017-07-21,Tissue Extract-N-Amp,
EmmaG,EUSF0238,,ZUSF00313,,2017-07-21,Tissue Extract-N-Amp,
EmmaG,EUSF0239,,ZUSF00616,,2017-07-21,Tissue Extract-N-Amp,
EmmaG,EUSF0240,,ZUSF00412,,2017-07-21,Tissue Extract-N-Amp,
EmmaG,EUSF0241,,ZUSF00524,,2017-07-21,Tissue Extract-N-Amp,
EmmaG,EUSF0242,,ZUSF00464,,2017-07-21,Tissue Extract-N-Amp,
EmmaG,EUSF0243,,ZUSF00173,,2017-07-21,Tissue Extract-N-Amp,
EmmaG,EUSF0244,,ZUSF00330,,2017-07-21,Tissue Extract-N-Amp,
EmmaG,EUSF0245,,ZUSF00235,,2017-07-21,Tissue Extract-N-Amp,
EmmaG,EUSF0246,,ZUSF00171,,2017-07-21,Tissue Extract-N-Amp,
EmmaG,EUSF0247,,ZUSF00298,,2017-07-21,Tissue Extract-N-Amp,
EmmaG,EUSF0248,,ZUSF00560,,2017-07-21,Tissue Extract-N-Amp,
EmmaG,EUSF0249,,ZUSF00534,,2017-07-21,Tissue Extract-N-Amp,
EmmaG,EUSF0250,,ZUSF00482,,2017-07-21,Tissue Extract-N-Amp,
EmmaG,EUSF0251,,ZUSF00335,,2017-07-21,Tissue Extract-N-Amp,
EmmaG,EUSF0252,,ZUSF00656,,2017-07-21,Tissue Extract-N-Amp,
EmmaG,EUSF0253,,ZUSF00651,,2017-07-21,Tissue Extract-N-Amp,
EmmaG,EUSF0254,,ZUSF00683,,2017-07-21,Tissue Extract-N-Amp,
EmmaG,EUSF0255,,ZUSF00382,,2017-07-21,Tissue Extract-N-Amp,
EmmaG,EUSF0256,,ZUSF00660,,2017-07-21,Tissue Extract-N-Amp,
EmmaG,EUSF0257,,ZUSF00666,,2017-07-21,Tissue Extract-N-Amp,
EmmaG,EUSF0258,,ZUSF00672,,2017-07-21,Tissue Extract-N-Amp,
EmmaG,EUSF0259,,ZUSF00694,,2017-07-21,Tissue Extract-N-Amp,
EmmaG,EUSF0260,,ZUSF00695,,2017-07-21,Tissue Extract-N-Amp,
EmmaG,EUSF0261,,ZUSF00667,,2017-07-21,Tissue Extract-N-Amp,
EmmaG,EUSF0262,,ZUSF00661,,2017-07-21,Tissue Extract-N-Amp,
EmmaG,EUSF0263,,ZUSF002481,,2017-07-24,Tissue Extract-N-Amp,
EmmaG,EUSF0264,,ZUSF00374,,2017-07-24,Tissue Extract-N-Amp,
EmmaG,EUSF0265,,ZUSF00167,,2017-07-24,Tissue Extract-N-Amp,
EmmaG,EUSF0266,,ZUSF00564,,2017-07-24,Tissue Extract-N-Amp,
EmmaG,EUSF0267,,ZUSF00520,,2017-07-24,Tissue Extract-N-Amp,
EmmaG,EUSF0268,,ZUSF00422,,2017-07-24,Tissue Extract-N-Amp,
EmmaG,EUSF0269,,ZUSF00578,,2017-07-24,Tissue Extract-N-Amp,
EmmaG,EUSF0270,,ZUSF00333,,2017-07-24,Tissue Extract-N-Amp,
EmmaG,EUSF0271,,ZUSF00342,,2017-07-24,Tissue Extract-N-Amp,
EmmaG,EUSF0272,,ZUSF00328,,2017-07-24,Tissue Extract-N-Amp,
EmmaG,EUSF0273,,ZUSF00433,,2017-07-24,Tissue Extract-N-Amp,
EmmaG,EUSF0274,,ZUSF00639,,2017-07-24,Tissue Extract-N-Amp,
EmmaG,EUSF0275,,ZUSF00591,,2017-07-24,Tissue Extract-N-Amp,
EmmaG,EUSF0276,,ZUSF00450,,2017-07-24,Tissue Extract-N-Amp,
EmmaG,EUSF0277,,ZUSF00226,,2017-07-24,Tissue Extract-N-Amp,
EmmaG,EUSF0278,,ZUSF00316,,2017-07-24,Tissue Extract-N-Amp,
EmmaG,EUSF0279,,ZUSF00509,,2017-07-24,Tissue Extract-N-Amp,
EmmaG,EUSF0280,,ZUSF00561,,2017-07-24,Tissue Extract-N-Amp,
EmmaG,EUSF0281,,ZUSF00523,,2017-07-24,Tissue Extract-N-Amp,
EmmaG,EUSF0282,,ZUSF00544,,2017-07-24,Tissue Extract-N-Amp,
EmmaG,EUSF0283,,ZUSF00397,,2017-07-25,Tissue Extract-N-Amp,
EmmaG,EUSF0284,,ZUSF00603,,2017-07-25,Tissue Extract-N-Amp,
EmmaG,EUSF0285,,ZUSF00602,,2017-07-25,Tissue Extract-N-Amp,
EmmaG,EUSF0286,,ZUSF00552,,2017-07-25,Tissue Extract-N-Amp,
EmmaG,EUSF0287,,ZUSF00407,,2017-07-25,Tissue Extract-N-Amp,
EmmaG,EUSF0288,,ZUSF00323,,2017-07-25,Tissue Extract-N-Amp,
EmmaG,EUSF0289,,ZUSF00251,,2017-07-25,Tissue Extract-N-Amp,
EmmaG,EUSF0290,,ZUSF00346,,2017-07-25,Tissue Extract-N-Amp,
EmmaG,EUSF0291,,ZUSF00574,,2017-07-25,Tissue Extract-N-Amp,
EmmaG,EUSF0292,,ZUSF00426,,2017-07-25,Tissue Extract-N-Amp,
EmmaG,EUSF0293,,ZUSF00468,,2017-07-25,Tissue Extract-N-Amp,
EmmaG,EUSF0294,,ZUSF00371,,2017-07-25,Tissue Extract-N-Amp,
EmmaG,EUSF0295,,ZUSF00586,,2017-07-25,Tissue Extract-N-Amp,
EmmaG,EUSF0296,,ZUSF00269,,2017-07-25,Tissue Extract-N-Amp,
EmmaG,EUSF0297,,ZUSF00502,,2017-07-25,Tissue Extract-N-Amp,
EmmaG,EUSF0298,,ZUSF00352,,2017-07-25,Tissue Extract-N-Amp,
EmmaG,EUSF0299,,ZUSF00566,,2017-07-25,Tissue Extract-N-Amp,
EmmaG,EUSF0300,,ZUSF00575,,2017-07-25,Tissue Extract-N-Amp,
EmmaG,EUSF0301,,ZUSF00629,,2017-07-25,Tissue Extract-N-Amp,
EmmaG,EUSF0302,,ZUSF00508,,2017-07-25,Tissue Extract-N-Amp,
EmmaG,EUSF0303,,ZUSF00592,,2017-07-25,Tissue Extract-N-Amp,
EmmaG,EUSF0304,,ZUSF00471,,2017-07-25,Tissue Extract-N-Amp,
EmmaG,EUSF0305,,ZUSF00545,,2017-07-25,Tissue Extract-N-Amp,
EmmaG,EUSF0306,,ZUSF00404,,2017-07-25,Tissue Extract-N-Amp,
EmmaG,EUSF0307,,ZUSF00413,,2017-07-25,Tissue Extract-N-Amp,
EmmaG,EUSF0308,,ZUSF00584,,2017-07-25,Tissue Extract-N-Amp,
EmmaG,EUSF0309,,ZUSF00635,,2017-07-25,Tissue Extract-N-Amp,
EmmaG,EUSF0310,,ZUSF00200,,2017-07-25,Tissue Extract-N-Amp,
EmmaG,EUSF0311,,ZUSF00554,,2017-07-25,Tissue Extract-N-Amp,
EmmaG,EUSF0312,,ZUSF00638,,2017-07-25,Tissue Extract-N-Amp,
EmmaG,EUSF0313,,ZUSF00579,,2017-07-25,Tissue Extract-N-Amp,
EmmaG,EUSF0314,,ZUSF00627,,2017-07-25,Tissue Extract-N-Amp,
EmmaG,EUSF0315,,ZUSF00466,,2017-07-25,Tissue Extract-N-Amp,
EmmaG,EUSF0316,,ZUSF00568,,2017-07-25,Tissue Extract-N-Amp,
EmmaG,EUSF0317,,ZUSF00182,,2017-07-25,Tissue Extract-N-Amp,
EmmaG,EUSF0318,,ZUSF00189,,2017-07-25,Tissue Extract-N-Amp,
EmmaG,EUSF0319,,ZUSF00596,,2017-07-25,Tissue Extract-N-Amp,
EmmaG,EUSF0320,,ZUSF00580,,2017-07-25,Tissue Extract-N-Amp,
EmmaG,EUSF0321,,ZUSF00538,,2017-07-25,Tissue Extract-N-Amp,
EmmaG,EUSF0322,,ZUSF00183,,2017-07-25,Tissue Extract-N-Amp,
EmmaG,EUSF0323,,ZUSF00633,,2017-07-25,Tissue Extract-N-Amp,
EmmaG,EUSF0324,,ZUSF00490,,2017-07-26,Tissue Extract-N-Amp,
EmmaG,EUSF0325,,ZUSF00351,,2017-07-26,Tissue Extract-N-Amp,
EmmaG,EUSF0326,,ZUSF00159,,2017-07-26,Tissue Extract-N-Amp,
EmmaG,EUSF0327,,ZUSF00588,,2017-07-26,Tissue Extract-N-Amp,
EmmaG,EUSF0328,,ZUSF00501,,2017-07-26,Tissue Extract-N-Amp,
EmmaG,EUSF0329,,ZUSF00503,,2017-07-26,Tissue Extract-N-Amp,
EmmaG,EUSF0330,,ZUSF00179,,2017-07-26,Tissue Extract-N-Amp,
EmmaG,EUSF0331,,ZUSF00403,,2017-07-26,Tissue Extract-N-Amp,
EmmaG,EUSF0332,,ZUSF00465,,2017-07-26,Tissue Extract-N-Amp,
EmmaG,EUSF0333,,ZUSF00210,,2017-07-26,Tissue Extract-N-Amp,
EmmaG,EUSF0334,,ZUSF00358,,2017-07-26,Tissue Extract-N-Amp,
EmmaG,EUSF0335,,ZUSF00168,,2017-07-26,Tissue Extract-N-Amp,
EmmaG,EUSF0336,,ZUSF00218,,2017-07-26,Tissue Extract-N-Amp,
EmmaG,EUSF0337,,ZUSF00479,,2017-07-26,Tissue Extract-N-Amp,
EmmaG,EUSF0338,,ZUSF00191,,2017-07-26,Tissue Extract-N-Amp,
EmmaG,EUSF0339,,ZUSF00620,,2017-07-26,Tissue Extract-N-Amp,
EmmaG,EUSF0340,,ZUSF00259,,2017-07-26,Tissue Extract-N-Amp,
EmmaG,EUSF0341,,ZUSF00542,,2017-07-26,Tissue Extract-N-Amp,
EmmaG,EUSF0342,,ZUSF00329,,2017-07-26,Tissue Extract-N-Amp,
EmmaG,EUSF0343,,ZUSF00277,,2017-07-26,Tissue Extract-N-Amp,
EmmaG,EUSF0344,,ZUSF00559,,2017-07-26,Tissue Extract-N-Amp,
EmmaG,EUSF0345,,ZUSF00364,,2017-07-26,Tissue Extract-N-Amp,
EmmaG,EUSF0346,,ZUSF00402,,2017-07-26,Tissue Extract-N-Amp,
EmmaG,EUSF0347,,ZUSF00337,,2017-07-26,Tissue Extract-N-Amp,
EmmaG,EUSF0348,,ZUSF00396,,2017-07-26,Tissue Extract-N-Amp,
EmmaG,EUSF0349,,ZUSF00452,,2017-07-26,Tissue Extract-N-Amp,
EmmaG,EUSF0350,,ZUSF00406,,2017-07-26,Tissue Extract-N-Amp,
EmmaG,EUSF0351,,ZUSF00517,,2017-07-26,Tissue Extract-N-Amp,
EmmaG,EUSF0352,,ZUSF00537,,2017-07-26,Tissue Extract-N-Amp,
EmmaG,EUSF0353,,ZUSF00194,,2017-07-26,Tissue Extract-N-Amp,
EmmaG,EUSF0354,,ZUSF00467,,2017-07-26,Tissue Extract-N-Amp,
EmmaG,EUSF0355,,ZUSF00317,,2017-07-26,Tissue Extract-N-Amp,
EmmaG,EUSF0356,,ZUSF00436,,2017-07-26,Tissue Extract-N-Amp,
EmmaG,EUSF0357,,ZUSF00536,,2017-07-26,Tissue Extract-N-Amp,
EmmaG,EUSF0358,,ZUSF00347,,2017-07-26,Tissue Extract-N-Amp,
EmmaG,EUSF0359,,ZUSF00315,,2017-07-26,Tissue Extract-N-Amp,
EmmaG,EUSF0360,,ZUSF00307,,2017-07-26,Tissue Extract-N-Amp,
EmmaG,EUSF0361,,ZUSF00163,,2017-07-26,Tissue Extract-N-Amp,
EmmaG,EUSF0362,,ZUSF00531,,2017-07-26,Tissue Extract-N-Amp,
EmmaG,EUSF0363,,ZUSF00540,,2017-07-26,Tissue Extract-N-Amp,
EmmaG,EUSF0364,,ZUSF00349,,2017-07-26,Tissue Extract-N-Amp,
EmmaG,EUSF0365,,ZUSF00491,,2017-07-27,Tissue Extract-N-Amp,
EmmaG,EUSF0366,,ZUSF00231,,2017-07-27,Tissue Extract-N-Amp,
EmmaG,EUSF0367,,ZUSF00440,,2017-07-27,Tissue Extract-N-Amp,
EmmaG,EUSF0368,,ZUSF00535,,2017-07-27,Tissue Extract-N-Amp,
EmmaG,EUSF0369,,ZUSF00339,,2017-07-27,Tissue Extract-N-Amp,
EmmaG,EUSF0370,,ZUSF00286,,2017-07-27,Tissue Extract-N-Amp,
EmmaG,EUSF0371,,ZUSF00555,,2017-07-27,Tissue Extract-N-Amp,
EmmaG,EUSF0372,,ZUSF00432,,2017-07-27,Tissue Extract-N-Amp,
EmmaG,EUSF0373,,ZUSF00500,,2017-07-27,Tissue Extract-N-Amp,
EmmaG,EUSF0374,,ZUSF00646,,2017-07-27,Tissue Extract-N-Amp,
EmmaG,EUSF0375,,ZUSF00399,,2017-07-27,Tissue Extract-N-Amp,
EmmaG,EUSF0376,,ZUSF00246,,2017-07-27,Tissue Extract-N-Amp,
EmmaG,EUSF0377,,ZUSF00223,,2017-07-27,Tissue Extract-N-Amp,
EmmaG,EUSF0378,,ZUSF00478,,2017-07-27,Tissue Extract-N-Amp,
EmmaG,EUSF0379,,ZUSF00496,,2017-07-27,Tissue Extract-N-Amp,
EmmaG,EUSF0380,,ZUSF00615,,2017-07-27,Tissue Extract-N-Amp,
EmmaG,EUSF0381,,ZUSF00519,,2017-07-27,Tissue Extract-N-Amp,
EmmaG,EUSF0382,,ZUSF00214,,2017-07-27,Tissue Extract-N-Amp,
EmmaG,EUSF0383,,ZUSF00483,,2017-07-27,Tissue Extract-N-Amp,
EmmaG,EUSF0384,,ZUSF00212,,2017-07-27,Tissue Extract-N-Amp,
EmmaG,EUSF0385,,ZUSF00647,,2017-07-27,Tissue Extract-N-Amp,
EmmaG,EUSF0386,,ZUSF00437,,2017-07-27,Tissue Extract-N-Amp,
EmmaG,EUSF0387,,ZUSF00546,,2017-07-27,Tissue Extract-N-Amp,
EmmaG,EUSF0388,,ZUSF00252,,2017-07-27,Tissue Extract-N-Amp,
EmmaG,EUSF0389,,ZUSF00196,,2017-07-27,Tissue Extract-N-Amp,
EmmaG,EUSF0390,,ZUSF00512,,2017-07-27,Tissue Extract-N-Amp,
EmmaG,EUSF0391,,ZUSF00447,,2017-07-27,Tissue Extract-N-Amp,
EmmaG,EUSF0392,,ZUSF00257,,2017-07-27,Tissue Extract-N-Amp,
EmmaG,EUSF0393,,ZUSF00585,,2017-07-27,Tissue Extract-N-Amp,
EmmaG,EUSF0394,,ZUSF00525,,2017-07-27,Tissue Extract-N-Amp,
EmmaG,EUSF0395,,ZUSF00536,,2017-07-27,Tissue Extract-N-Amp,
EmmaG,EUSF0396,,ZUSF00320,,2017-07-27,Tissue Extract-N-Amp,
EmmaG,EUSF0397,,ZUSF00205,,2017-07-27,Tissue Extract-N-Amp,
EmmaG,EUSF0398,,ZUSF00539,,2017-07-27,Tissue Extract-N-Amp,
EmmaG,EUSF0399,,ZUSF00469,,2017-07-27,Tissue Extract-N-Amp,
EmmaG,EUSF0400,,ZUSF00515,,2017-07-27,Tissue Extract-N-Amp,
EmmaG,EUSF0401,,ZUSF00365,,2017-07-27,Tissue Extract-N-Amp,
EmmaG,EUSF0402,,ZUSF00411,,2017-07-27,Tissue Extract-N-Amp,
EmmaG,EUSF0403,,ZUSF00621,,2017-07-27,Tissue Extract-N-Amp,
EmmaG,EUSF0404,,ZUSF00624,,2017-07-27,Tissue Extract-N-Amp,
EmmaG,EUSF0405,,ZUSF00444,,2017-07-27,Tissue Extract-N-Amp,
EmmaG,EUSF0406,,ZUSF00681,,2017-07-28,Tissue Extract-N-Amp,
EmmaG,EUSF0407,,ZUSF00281,,2017-07-28,Tissue Extract-N-Amp,
EmmaG,EUSF0408,,ZUSF00322,,2017-07-28,Tissue Extract-N-Amp,
EmmaG,EUSF0409,,ZUSF00463,,2017-07-28,Tissue Extract-N-Amp,
EmmaG,EUSF0410,,ZUSF00526,,2017-07-28,Tissue Extract-N-Amp,
EmmaG,EUSF0411,,ZUSF00619,,2017-07-28,Tissue Extract-N-Amp,
EmmaG,EUSF0412,,ZUSF00505,,2017-07-28,Tissue Extract-N-Amp,
EmmaG,EUSF0413,,ZUSF00305,,2017-07-28,Tissue Extract-N-Amp,
EmmaG,EUSF0414,,ZUSF00473,,2017-07-28,Tissue Extract-N-Amp,
EmmaG,EUSF0415,,ZUSF00181,,2017-07-28,Tissue Extract-N-Amp,
EmmaG,EUSF0416,,ZUSF00487,,2017-07-28,Tissue Extract-N-Amp,
EmmaG,EUSF0417,,ZUSF00511,,2017-07-28,Tissue Extract-N-Amp,
EmmaG,EUSF0418,,ZUSF00642,,2017-07-28,Tissue Extract-N-Amp,
EmmaG,EUSF0419,,ZUSF00208,,2017-07-28,Tissue Extract-N-Amp,
EmmaG,EUSF0420,,ZUSF00394,,2017-07-28,Tissue Extract-N-Amp,
EmmaG,EUSF0421,,ZUSF00184,,2017-07-28,Tissue Extract-N-Amp,
EmmaG,EUSF0422,,ZUSF00448,,2017-07-28,Tissue Extract-N-Amp,
EmmaG,EUSF0423,,ZUSF00528,,2017-07-28,Tissue Extract-N-Amp,
EmmaG,EUSF0424,,ZUSF00421,,2017-07-28,Tissue Extract-N-Amp,
EmmaG,EUSF0425,,ZUSF00445,,2017-07-28,Tissue Extract-N-Amp,
EmmaG,EUSF0426,,ZUSF00221,,2017-07-28,Tissue Extract-N-Amp,
EmmaG,EUSF0427,,ZUSF00595,,2017-07-28,Tissue Extract-N-Amp,
EmmaG,EUSF0428,,ZUSF00226,,2017-07-28,Tissue Extract-N-Amp,
EmmaG,EUSF0429,,ZUSF00401,,2017-07-28,Tissue Extract-N-Amp,
EmmaG,EUSF0430,,ZUSF00589,,2017-07-28,Tissue Extract-N-Amp,
EmmaG,EUSF0431,,ZUSF00190,,2017-07-28,Tissue Extract-N-Amp,
EmmaG,EUSF0432,,ZUSF00553,,2017-07-28,Tissue Extract-N-Amp,
EmmaG,EUSF0433,,ZUSF00203,,2017-07-28,Tissue Extract-N-Amp,
EmmaG,EUSF0434,,ZUSF00381,,2017-07-28,Tissue Extract-N-Amp,
EmmaG,EUSF0435,,ZUSF00389,,2017-07-28,Tissue Extract-N-Amp,
EmmaG,EUSF0436,,ZUSF00392,,2017-07-28,Tissue Extract-N-Amp,
EmmaG,EUSF0437,,ZUSF00430,,2017-07-28,Tissue Extract-N-Amp,
EmmaG,EUSF0438,,ZUSF00318,,2017-07-28,Tissue Extract-N-Amp,
EmmaG,EUSF0439,,ZUSF00599,,2017-07-28,Tissue Extract-N-Amp,
EmmaG,EUSF0440,,ZUSF00608,,2017-07-28,Tissue Extract-N-Amp,
EmmaG,EUSF0441,,ZUSF00420,,2017-07-28,Tissue Extract-N-Amp,
EmmaG,EUSF0442,,ZUSF00405,,2017-07-28,Tissue Extract-N-Amp,
EmmaG,EUSF0443,,ZUSF00400,,2017-07-28,Tissue Extract-N-Amp,
EmmaG,EUSF0444,,ZUSF00459,,2017-07-28,Tissue Extract-N-Amp,
EmmaG,EUSF0445,,ZUSF00472,,2017-07-28,Tissue Extract-N-Amp,
EmmaG,EUSF0446,,ZUSF00623,,2017-07-28,Tissue Extract-N-Amp,
EmmaG,EUSF0447,,ZUSF00327,,2017-07-31,Tissue Extract-N-Amp,
EmmaG,EUSF0448,,ZUSF00569,,2017-07-31,Tissue Extract-N-Amp,
EmmaG,EUSF0449,,ZUSF00708,,2017-07-31,Tissue Extract-N-Amp,
EmmaG,EUSF0450,,ZUSF00709,,2017-07-31,Tissue Extract-N-Amp,
EmmaG,EUSF0451,,ZUSF00706,,2017-07-31,Tissue Extract-N-Amp,
EmmaG,EUSF0452,,ZUSF00707,,2017-07-31,Tissue Extract-N-Amp,
EmmaG,EUSF0453,,ZUSF00507,,2017-07-31,Tissue Extract-N-Amp,
EmmaG,EUSF0454,,ZUSF00233,,2017-07-31,Tissue Extract-N-Amp,
EmmaG,EUSF0455,,ZUSF00377,,2017-07-31,Tissue Extract-N-Amp,
EmmaG,EUSF0456,,ZUSF00449,,2017-07-31,Tissue Extract-N-Amp,
EmmaG,EUSF0457,,ZUSF00344,,2017-07-31,Tissue Extract-N-Amp,
EmmaG,EUSF0458,,ZUSF00565,,2017-07-31,Tissue Extract-N-Amp,
EmmaG,EUSF0459,,ZUSF00408,,2017-07-31,Tissue Extract-N-Amp,
EmmaG,EUSF0460,,ZUSF00434,,2017-07-31,Tissue Extract-N-Amp,
EmmaG,EUSF0461,,ZUSF00439,,2017-07-31,Tissue Extract-N-Amp,
EmmaG,EUSF0462,,ZUSF00202,,2017-07-31,Tissue Extract-N-Amp,
EmmaG,EUSF0463,,ZUSF00384,,2017-07-31,Tissue Extract-N-Amp,
EmmaG,EUSF0464,,ZUSF00285,,2017-07-31,Tissue Extract-N-Amp,
EmmaG,EUSF0465,,ZUSF00417,,2017-07-31,Tissue Extract-N-Amp,
EmmaG,EUSF0466,,ZUSF00222,,2017-07-31,Tissue Extract-N-Amp,
EmmaG,EUSF0467,,ZUSF00477,,2017-07-31,Tissue Extract-N-Amp,
EmmaG,EUSF0468,,ZUSF00301,,2017-07-31,Tissue Extract-N-Amp,
EmmaG,EUSF0469,,ZUSF00262,,2017-07-31,Tissue Extract-N-Amp,
EmmaG,EUSF0470,,ZUSF00290,,2017-07-31,Tissue Extract-N-Amp,
EmmaG,EUSF0471,,ZUSF00369,,2017-07-31,Tissue Extract-N-Amp,
EmmaG,EUSF0472,,ZUSF00443,,2017-07-31,Tissue Extract-N-Amp,
EmmaG,EUSF0473,,ZUSF00262,,2017-08-02,Tissue Extract-N-Amp,
EmmaG,EUSF0474,,ZUSF00255,,2017-08-02,Tissue Extract-N-Amp,
EmmaG,EUSF0475,,ZUSF00238,,2017-08-02,Tissue Extract-N-Amp,
EmmaG,EUSF0476,,ZUSF00217,,2017-08-02,Tissue Extract-N-Amp,
EmmaG,EUSF0477,,ZUSF00303,,2017-08-02,Tissue Extract-N-Amp,
EmmaG,EUSF0478,,ZUSF00375,,2017-08-02,Tissue Extract-N-Amp,
EmmaG,EUSF0479,,ZUSF00598,,2017-08-02,Tissue Extract-N-Amp,
EmmaG,EUSF0480,,ZUSF00236,,2017-08-02,Tissue Extract-N-Amp,
EmmaG,EUSF0481,,ZUSF00379,,2017-08-02,Tissue Extract-N-Amp,
EmmaG,EUSF0482,,ZUSF00398,,2017-08-02,Tissue Extract-N-Amp,
EmmaG,EUSF0483,,ZUSF00425,,2017-08-02,Tissue Extract-N-Amp,
EmmaG,EUSF0484,,ZUSF00284,,2017-08-02,Tissue Extract-N-Amp,
EmmaG,EUSF0485,,ZUSF00332,,2017-08-02,Tissue Extract-N-Amp,
EmmaG,EUSF0486,,ZUSF00458,,2017-08-02,Tissue Extract-N-Amp,
EmmaG,EUSF0487,,ZUSF00457,,2017-08-02,Tissue Extract-N-Amp,
EmmaG,EUSF0488,,ZUSF00470,,2017-08-02,Tissue Extract-N-Amp,
EmmaG,EUSF0489,,ZUSF00628,,2017-08-02,Tissue Extract-N-Amp,
EmmaG,EUSF0490,,ZUSF00632,,2017-08-02,Tissue Extract-N-Amp,
EmmaG,EUSF0491,,ZUSF00225,,2017-08-02,Tissue Extract-N-Amp,
EmmaG,EUSF0492,,ZUSF00219,,2017-08-02,Tissue Extract-N-Amp,
EmmaG,EUSF0493,,ZUSF00435,,2017-08-02,Tissue Extract-N-Amp,
EmmaG,EUSF0494,,ZUSF00177,,2017-08-02,Tissue Extract-N-Amp,
EmmaG,EUSF0495,,ZUSF00499,,2017-08-02,Tissue Extract-N-Amp,
EmmaG,EUSF0496,,ZUSF00611,,2017-08-02,Tissue Extract-N-Amp,
EmmaG,EUSF0497,,ZUSF00288,,2017-08-02,Tissue Extract-N-Amp,
EmmaG,EUSF0498,,ZUSF00558,,2017-08-02,Tissue Extract-N-Amp,
EmmaG,EUSF0499,,ZUSF00166,,2017-08-02,Tissue Extract-N-Amp,
EmmaG,EUSF0500,,ZUSF00446,,2017-08-02,Tissue Extract-N-Amp,
EmmaG,EUSF0501,,ZUSF00527,,2017-08-02,Tissue Extract-N-Amp,
EmmaG,EUSF0502,,ZUSF00570,,2017-08-02,Tissue Extract-N-Amp,
EmmaG,EUSF0503,,ZUSF00556,,2017-08-02,Tissue Extract-N-Amp,
EmmaG,EUSF0504,,ZUSF00361,,2017-08-02,Tissue Extract-N-Amp,
EmmaG,EUSF0505,,ZUSF00207,,2017-08-02,Tissue Extract-N-Amp,
EmmaG,EUSF0506,,ZUSF00485,,2017-08-02,Tissue Extract-N-Amp,
EmmaG,EUSF0507,,ZUSF00198,,2017-08-02,Tissue Extract-N-Amp,
EmmaG,EUSF0508,,ZUSF00395,,2017-08-02,Tissue Extract-N-Amp,
EmmaG,EUSF0509,,ZUSF00489,,2017-08-02,Tissue Extract-N-Amp,
EmmaG,EUSF0510,,ZUSF00282,,2017-08-02,Tissue Extract-N-Amp,
EmmaG,EUSF0511,,ZUSF00161,,2017-08-02,Tissue Extract-N-Amp,
EmmaG,EUSF0512,,ZUSF00175,,2017-08-02,Tissue Extract-N-Amp,